{"stats":{"minecraft:dropped":{"minecraft:nether_brick_slab":1,"minecraft:obsidian":3,"minecraft:golden_axe":1,"minecraft:iron_helmet":1,"minecraft:glowstone_dust":3,"minecraft:golden_shovel":1,"minecraft:flint_and_steel":1,"minecraft:stick":12,"irons_spellbooks:scroll":2,"minecraft:dirt":3,"minecraft:leather_boots":1,"minecraft:crimson_sign":1,"gravestone:obituary":4,"minecraft:pumpkin":1,"minecraft:netherrack":1},"minecraft:crafted":{"minecraft:oak_planks":44,"minecraft:iron_helmet":1,"minecraft:iron_chestplate":1,"minecraft:shield":1,"minecraft:iron_axe":1},"minecraft:used":{"minecraft:rose_bush":1,"minecraft:oak_planks":14,"minecraft:blackstone":10,"minecraft:chest":2,"minecraft:shield":1,"minecraft:netherrack":2,"minecraft:dirt":5,"minecraft:campfire":2,"minecraft:tuff":57,"minecraft:obsidian":2,"minecraft:iron_axe":124,"minecraft:bread":11,"minecraft:iron_pickaxe":83,"irons_spellbooks:wandering_magician_boots":1,"biomesoplenty:jacaranda_sapling":3,"minecraft:diamond_sword":28,"minecraft:cobblestone":127,"minecraft:beef":3,"irons_spellbooks:inscription_table":1,"minecraft:golden_axe":12,"minecraft:green_stained_glass":29},"minecraft:custom":{"minecraft:mob_kills":13,"minecraft:interact_with_crafting_table":4,"minecraft:open_barrel":21,"minecraft:leave_game":4,"minecraft:time_since_death":18382,"minecraft:climb_one_cm":903,"minecraft:time_since_rest":18729,"minecraft:damage_taken":1268,"minecraft:sprint_one_cm":152088,"minecraft:walk_one_cm":293440,"minecraft:damage_blocked_by_shield":10,"minecraft:drop":34,"minecraft:damage_dealt":1084,"minecraft:damage_dealt_absorbed":80,"minecraft:swim_one_cm":34443,"minecraft:fly_one_cm":198868,"minecraft:open_chest":9,"minecraft:crouch_one_cm":16703,"minecraft:play_time":108889,"minecraft:deaths":4,"minecraft:sneak_time":5424,"minecraft:walk_under_water_one_cm":7566,"minecraft:jump":1453,"minecraft:walk_on_water_one_cm":13311,"minecraft:total_world_time":108889,"minecraft:fall_one_cm":34759},"minecraft:killed":{"minecraft:magma_cube":10,"irons_spellbooks:pyromancer":1,"minecraft:wither_skeleton":1,"minecraft:cow":1},"minecraft:picked_up":{"irons_spellbooks:scroll":1,"biomesoplenty:lavender":32,"minecraft:leather_chestplate":1,"minecraft:basalt":17,"minecraft:nether_brick_fence":2,"minecraft:leather_leggings":1,"minecraft:leather":2,"biomesoplenty:jacaranda_sapling":3,"minecraft:tuff":57,"minecraft:oak_log":28,"minecraft:chain":3,"gravestone:obituary":2,"minecraft:dirt":11,"irons_spellbooks:rare_ink":1,"minecraft:leather_boots":1,"biomesoplenty:tall_lavender":2,"irons_spellbooks:iron_spell_book":3,"minecraft:blackstone":2,"biomesoplenty:brimstone":2,"irons_spellbooks:arcane_essence":5,"minecraft:wheat_seeds":1,"minecraft:candle":9,"minecraft:spruce_planks":1,"minecraft:beef":3,"minecraft:iron_ingot":17,"minecraft:rose_bush":1,"irons_spellbooks:epic_ink":1,"minecraft:glowstone_dust":3,"minecraft:iron_pickaxe":1,"minecraft:lectern":2,"minecraft:sugar_cane":6,"minecraft:chest":2,"irons_spellbooks:inscription_table":1,"minecraft:oak_planks":3,"minecraft:crimson_sign":2,"minecraft:book":45,"minecraft:stick":20,"irons_spellbooks:wandering_magician_boots":1,"minecraft:spruce_sapling":1,"minecraft:crimson_door":1,"minecraft:spruce_log":7,"minecraft:nether_brick_slab":1,"irons_spellbooks:fire_rune":1,"minecraft:leather_helmet":1,"biomesoplenty:jacaranda_log":12,"minecraft:campfire":2,"minecraft:nether_bricks":1,"minecraft:writable_book":1,"minecraft:carved_pumpkin":1,"minecraft:bread":11,"minecraft:oak_sapling":1,"minecraft:netherrack":3,"irons_spellbooks:cooldown_ring":2,"minecraft:blaze_powder":2,"minecraft:cobblestone":139},"minecraft:killed_by":{"minecraft:ghast":2,"irons_spellbooks:pyromancer":1,"minecraft:zombie":1},"minecraft:mined":{"biomesoplenty:jacaranda_leaves":32,"minecraft:tuff":58,"minecraft:spruce_planks":2,"minecraft:blackstone":4,"minecraft:candle":4,"minecraft:basalt":10,"minecraft:orange_stained_glass":1,"minecraft:dandelion":1,"minecraft:carved_pumpkin":1,"gravestone:gravestone":3,"biomesoplenty:bush":1,"minecraft:grass_block":8,"biomesoplenty:flowering_oak_leaves":2,"minecraft:rose_bush":1,"minecraft:campfire":2,"minecraft:nether_brick_slab":1,"minecraft:lectern":2,"minecraft:tall_grass":3,"minecraft:cobblestone":3,"biomesoplenty:sprout":1,"minecraft:spruce_leaves":3,"minecraft:sugar_cane":2,"minecraft:oak_planks":1,"minecraft:chain":1,"minecraft:black_stained_glass_pane":3,"biomesoplenty:jacaranda_log":12,"biomesoplenty:tall_lavender":2,"minecraft:glowstone":1,"minecraft:fire":9,"biomesoplenty:lavender":32,"minecraft:spruce_log":7,"minecraft:green_stained_glass":11,"minecraft:grass":13,"biomesoplenty:clover":2,"minecraft:bookshelf":13,"minecraft:oak_log":19,"minecraft:crimson_door":1,"minecraft:dirt":2,"minecraft:crimson_wall_sign":1,"irons_spellbooks:inscription_table":1,"minecraft:netherrack":5,"biomesoplenty:brimstone_cluster":1,"minecraft:oak_leaves":8,"biomesoplenty:reed":2}},"DataVersion":3465}