{"stats":{"minecraft:killed":{"minecraft:zombie":5,"minecraft:spider":3,"minecraft:cow":2},"minecraft:dropped":{"minecraft:wheat_seeds":1,"minecraft:charcoal":2,"minecraft:birch_log":1},"minecraft:picked_up":{"minecraft:birch_log":16,"minecraft:charcoal":2,"minecraft:leather":2,"minecraft:torch":1,"minecraft:spruce_log":19,"minecraft:spider_eye":1,"minecraft:string":1,"minecraft:dirt":38,"minecraft:raw_copper":18,"minecraft:rotten_flesh":1,"minecraft:wheat_seeds":1,"minecraft:spruce_planks":1,"minecraft:bone_meal":1,"minecraft:beef":5,"minecraft:spruce_slab":2,"minecraft:coal":18,"minecraft:cobblestone":116},"minecraft:crafted":{"minecraft:stone_shovel":1,"minecraft:birch_wood":3,"minecraft:charcoal":3,"minecraft:crafting_table":2,"minecraft:spruce_slab":36,"minecraft:spruce_planks":76,"minecraft:stick":16,"minecraft:stone_slab":6,"minecraft:wooden_pickaxe":1,"minecraft:stone_pickaxe":1,"minecraft:spruce_door":3,"minecraft:furnace":1,"minecraft:stone":10,"minecraft:torch":8,"minecraft:birch_planks":28,"minecraft:campfire":1,"minecraft:stone_axe":1,"minecraft:air":0},"minecraft:custom":{"minecraft:time_since_rest":4308,"minecraft:interact_with_furnace":15,"minecraft:sprint_one_cm":77574,"minecraft:damage_taken":845,"minecraft:walk_one_cm":70695,"minecraft:mob_kills":10,"minecraft:drop":3,"minecraft:damage_dealt":1669,"minecraft:interact_with_crafting_table":16,"minecraft:swim_one_cm":16166,"minecraft:fly_one_cm":52445,"minecraft:crouch_one_cm":313,"minecraft:play_time":31128,"minecraft:deaths":2,"minecraft:sneak_time":234,"minecraft:walk_under_water_one_cm":4063,"minecraft:leave_game":1,"minecraft:jump":419,"minecraft:time_since_death":4285,"minecraft:walk_on_water_one_cm":7407,"minecraft:total_world_time":31128,"minecraft:fall_one_cm":9653},"minecraft:killed_by":{"alexsmobs:cachalot_whale":1,"minecraft:zombie":1},"minecraft:mined":{"minecraft:large_fern":7,"minecraft:spruce_planks":1,"minecraft:birch_log":15,"minecraft:spruce_log":19,"minecraft:coal_ore":18,"gravestone:gravestone":2,"minecraft:grass":3,"minecraft:grass_block":15,"minecraft:dirt":26,"minecraft:copper_ore":7,"minecraft:spruce_leaves":9,"minecraft:stone":116,"minecraft:spruce_slab":2},"minecraft:used":{"minecraft:spruce_door":1,"minecraft:stone_shovel":22,"minecraft:spruce_slab":38,"minecraft:stone_pickaxe":131,"minecraft:spruce_planks":37,"minecraft:wooden_pickaxe":21,"minecraft:rotten_flesh":1,"minecraft:stone_axe":65,"minecraft:torch":5,"minecraft:dirt":11,"minecraft:beef":5,"minecraft:crafting_table":2,"minecraft:furnace":1,"minecraft:campfire":1,"alexsmobs:animal_dictionary":4},"minecraft:broken":{"minecraft:stone_pickaxe":1}},"DataVersion":3465}