{"stats":{"minecraft:crafted":{"minecraft:smooth_stone":6,"minecraft:oak_planks":420,"minecraft:oak_sign":3,"minecraft:cactus":1,"irons_spellbooks:iron_spell_book":1,"minecraft:chain":4,"minecraft:stone":8,"minecraft:cooked_mutton":1,"create:vertical_gearbox":1,"minecraft:glass":13,"minecraft:hopper":3,"create:andesite_funnel":6,"create:mechanical_press":1,"minecraft:chest":9,"dungeonnowloading:spawner_helmet":1,"minecraft:stone_hoe":1,"minecraft:magenta_dye":1,"create:cogwheel":25,"minecraft:oak_fence":24,"irons_spellbooks:scroll":2,"minecraft:oak_slab":60,"minecraft:emerald":95,"minecraft:arrow":48,"biomesoplenty:jacaranda_planks":80,"minecraft:cooked_porkchop":2,"dungeonnowloading:spawner_frame":14,"minecraft:crafting_table":8,"minecraft:spruce_planks":80,"minecraft:wooden_pickaxe":2,"irons_spellbooks:furled_map":1,"minecraft:clock":1,"minecraft:copper_ingot":8,"vs_eureka:spruce_ship_helm":1,"minecraft:fletching_table":2,"create_new_age:carbon_brushes":1,"minecraft:birch_planks":8,"createdieselgenerators:oil_scanner":1,"biomesoplenty:jacaranda_fence":6,"create:gearbox":1,"minecraft:iron_chestplate":1,"minecraft:paper":75,"create:water_wheel":2,"minecraft:shield":2,"minecraft:stick":236,"minecraft:iron_ingot":53,"minecraft:iron_pickaxe":4,"minecraft:iron_block":1,"minecraft:gold_ingot":4,"create:large_cogwheel":3,"minecraft:shears":1,"minecraft:coal":16,"minecraft:stone_shovel":1,"create:wrench":1,"minecraft:leather_boots":1,"minecraft:iron_nugget":126,"minecraft:furnace":3,"minecraft:spruce_fence":3,"minecraft:glass_pane":32,"vs_eureka:engine":2,"minecraft:iron_axe":3,"minecraft:ladder":6,"minecraft:spruce_slab":6,"create:millstone":6,"minecraft:stone_pickaxe":3,"biomesoplenty:magic_planks":4,"create_new_age:generator_coil":1,"minecraft:dark_oak_planks":8,"dungeonnowloading:spawner_sword":1,"minecraft:wheat":289,"minecraft:cooked_beef":13,"minecraft:crossbow":1,"create:andesite_alloy":64,"create:hand_crank":1,"minecraft:dried_kelp":6,"vs_eureka:balloon":34,"create:large_water_wheel":2,"dungeonnowloading:cobblestone_pebble":36,"minecraft:bucket":1,"create:andesite_alloy_block":2,"minecraft:stone_axe":2,"minecraft:bread":60,"minecraft:air":0,"dungeonnowloading:spawner_chestplate":1,"minecraft:wooden_axe":1,"minecraft:iron_shovel":1,"minecraft:white_bed":1,"create:mechanical_drill":1,"create:shaft":48,"minecraft:andesite":104,"minecraft:torch":100,"irons_spellbooks:wandering_magician_boots":1},"minecraft:broken":{"minecraft:golden_leggings":1,"minecraft:stone_pickaxe":1},"minecraft:killed":{"minecraft:zombified_piglin":1,"minecraft:witch":1,"irons_spellbooks:pyromancer":1,"minecraft:spider":12,"minecraft:skeleton":23,"minecraft:chicken":1,"irons_spellbooks:archevoker":1,"minecraft:magma_cube":3,"minecraft:pig":3,"minecraft:iron_golem":2,"minecraft:creeper":9,"minecraft:sheep":11,"minecraft:trader_llama":4,"minecraft:pillager":27,"minecraft:zombie":47,"alexsmobs:terrapin":1,"minecraft:cow":20,"dungeonnowloading:spawner_carrier":1,"minecraft:vex":5,"minecraft:vindicator":1,"alexsmobs:tasmanian_devil":2,"minecraft:horse":2,"alexsmobs:catfish":3,"alexsmobs:crow":1},"minecraft:picked_up":{"irons_spellbooks:scroll":6,"minecraft:iron_chestplate":2,"minecraft:wheat":96,"minecraft:chainmail_boots":1,"minecraft:anvil":1,"minecraft:sentry_armor_trim_smithing_template":2,"minecraft:potion":2,"minecraft:enchanted_book":1,"minecraft:golden_shovel":2,"minecraft:stone_brick_stairs":1,"minecraft:brewing_stand":1,"minecraft:string":14,"minecraft:raw_copper":83,"minecraft:iron_leggings":1,"minecraft:armor_stand":7,"minecraft:experience_bottle":1,"minecraft:beetroot":5,"minecraft:oak_sign":2,"create:andesite_funnel":3,"biomesoplenty:brimstone":7,"irons_spellbooks:arcane_essence":19,"create:mechanical_press":2,"minecraft:cobbled_deepslate":2,"minecraft:spruce_planks":4,"minecraft:written_book":1,"minecraft:iron_pickaxe":2,"dungeonnowloading:mossy_cobblestone_pebble":1,"irons_spellbooks:inscription_table":5,"minecraft:crimson_sign":1,"minecraft:iron_boots":1,"minecraft:furnace":3,"minecraft:stick":17,"minecraft:composter":2,"minecraft:oak_fence":12,"minecraft:torch":18,"create:andesite_casing":12,"minecraft:porkchop":3,"minecraft:golden_axe":2,"minecraft:diorite":61,"irons_spellbooks:fire_rune":1,"create_new_age:generator_coil":2,"create:large_cogwheel":4,"minecraft:stone_sword":1,"minecraft:rotten_flesh":37,"minecraft:white_terracotta":1,"minecraft:obsidian":3,"minecraft:iron_bars":8,"minecraft:blaze_powder":2,"minecraft:cobblestone":650,"minecraft:birch_log":2,"minecraft:feather":3,"minecraft:lilac":2,"minecraft:water_bucket":1,"minecraft:andesite":17,"minecraft:golden_leggings":1,"minecraft:potato":18,"minecraft:flint":10,"minecraft:tuff":1,"minecraft:stripped_spruce_wood":3,"create:raw_zinc":18,"minecraft:lapis_lazuli":101,"minecraft:dirt":221,"biomesoplenty:bush":1,"minecraft:glass":1,"minecraft:bone":17,"minecraft:chipped_anvil":6,"minecraft:wheat_seeds":24,"minecraft:raw_gold":4,"create:mechanical_drill":4,"create_new_age:magnetite_block":19,"dungeonnowloading:dungeon_wall_torch":6,"minecraft:grindstone":2,"create:shaft":1,"minecraft:mossy_stone_bricks":1,"minecraft:fletching_table":18,"minecraft:glowstone_dust":13,"minecraft:oak_planks":12,"minecraft:music_disc_13":1,"dungeonnowloading:spawner_frame":4,"irons_spellbooks:legendary_ink":1,"irons_spellbooks:frostward_ring":2,"create:cogwheel":6,"minecraft:sand":16,"minecraft:stripped_spruce_log":5,"minecraft:grass_block":2,"dungeonnowloading:wooden_wall_rack":9,"minecraft:dark_oak_log":3,"minecraft:barrel":1,"minecraft:mossy_cobblestone":4,"minecraft:diamond":14,"irons_spellbooks:divine_pearl":2,"minecraft:crossbow":3,"minecraft:chainmail_helmet":1,"minecraft:golden_horse_armor":1,"minecraft:emerald":5,"irons_spellbooks:uncommon_ink":1,"minecraft:oak_sapling":18,"minecraft:netherrack":12,"minecraft:dark_oak_fence":11,"minecraft:oak_leaves":10,"biomesoplenty:redwood_log":7,"minecraft:crafting_table":8,"create_new_age:thorium":95,"minecraft:allium":10,"dungeonnowloading:wooden_wall_platform":6,"minecraft:chicken":1,"minecraft:ladder":2,"minecraft:wooden_pickaxe":1,"dungeonnowloading:cobblestone_pebble":20,"biomesoplenty:jacaranda_sapling":4,"gravestone:obituary":10,"minecraft:chain":4,"minecraft:brick":94,"minecraft:shield":1,"minecraft:moss_carpet":3,"minecraft:iron_axe":5,"minecraft:flint_and_steel":2,"dungeonnowloading:spawner_fragment":84,"minecraft:blackstone":1,"minecraft:cracked_stone_bricks":2,"minecraft:candle":68,"minecraft:beef":42,"irons_spellbooks:epic_ink":1,"minecraft:poppy":5,"minecraft:spruce_slab":8,"minecraft:lectern":3,"minecraft:sugar_cane":203,"minecraft:chest":4,"minecraft:spruce_trapdoor":1,"vs_eureka:engine":1,"minecraft:raw_iron":110,"minecraft:stone":31,"create:golden_sheet":3,"create:hand_crank":2,"minecraft:carrot":347,"minecraft:redstone":111,"irons_spellbooks:evocation_rune":1,"minecraft:arrow":18,"biomesoplenty:blue_hydrangea":1,"minecraft:stone_shovel":1,"biomesoplenty:jacaranda_log":20,"minecraft:beetroot_seeds":14,"minecraft:decorated_pot":2,"minecraft:nether_bricks":4,"minecraft:hay_block":34,"minecraft:gold_ingot":3,"minecraft:mutton":16,"minecraft:nether_brick_wall":1,"minecraft:white_wool":11,"minecraft:stripped_oak_log":12,"create:iron_sheet":2,"dungeonnowloading:spikes":1,"minecraft:basalt":5,"minecraft:leather":20,"irons_spellbooks:silver_ring":3,"create:andesite_alloy":16,"minecraft:oak_log":113,"minecraft:chainmail_chestplate":1,"minecraft:cobblestone_wall":2,"minecraft:yellow_bed":2,"biomesoplenty:jacaranda_planks":27,"minecraft:gunpowder":64,"minecraft:cobblestone_stairs":1,"minecraft:paper":3,"minecraft:white_banner":3,"irons_spellbooks:rare_ink":1,"irons_spellbooks:common_ink":3,"minecraft:red_carpet":1,"minecraft:stone_bricks":5,"minecraft:kelp":54,"vs_eureka:balloon":43,"minecraft:iron_ingot":30,"minecraft:oak_fence_gate":6,"biomesoplenty:magic_log":1,"minecraft:dark_oak_stairs":1,"minecraft:book":92,"minecraft:emerald_block":1,"minecraft:sweet_berries":46,"minecraft:gravel":96,"minecraft:amethyst_shard":4,"minecraft:blast_furnace":3,"minecraft:white_bed":6,"minecraft:spruce_log":18,"minecraft:gold_ore":4,"create_new_age:carbon_brushes":1,"minecraft:spider_eye":2,"irons_spellbooks:poisonward_ring":1,"alexsmobs:raw_catfish":1,"create:millstone":3,"minecraft:coal_ore":32,"minecraft:campfire":2,"minecraft:gray_banner":3,"minecraft:chainmail_leggings":1,"minecraft:iron_helmet":2,"minecraft:coal":40,"minecraft:hopper":3},"minecraft:mined":{"dungeonnowloading:iron_ingot_pile":9,"minecraft:large_amethyst_bud":1,"create:deepslate_zinc_ore":1,"minecraft:spruce_planks":5,"minecraft:white_bed":4,"create:andesite_casing":12,"minecraft:cobblestone_stairs":1,"minecraft:orange_stained_glass":2,"biomesoplenty:brimstone":10,"minecraft:brewing_stand":1,"minecraft:spruce_trapdoor":1,"minecraft:granite":3,"minecraft:grass_block":145,"minecraft:frosted_ice":2,"minecraft:composter":2,"minecraft:hopper":3,"minecraft:oak_wall_sign":2,"minecraft:spawner":6,"minecraft:smooth_stone":7,"minecraft:polished_blackstone_bricks":2,"minecraft:tall_seagrass":2,"minecraft:glowstone":4,"minecraft:iron_ore":110,"minecraft:barrel":4,"minecraft:fire":4,"minecraft:moss_carpet":3,"minecraft:anvil":1,"minecraft:deepslate_lapis_ore":7,"minecraft:fletching_table":18,"minecraft:dark_oak_stairs":1,"dungeonnowloading:wooden_wall_rack":3,"biomesoplenty:redwood_log":7,"minecraft:iron_bars":9,"create:mechanical_press":2,"minecraft:spruce_slab":10,"biomesoplenty:jacaranda_leaves":12,"dungeonnowloading:cobblestone_pebbles":8,"biomesoplenty:jacaranda_planks":23,"minecraft:amethyst_cluster":1,"biomesoplenty:brimstone_fumarole":1,"dungeonnowloading:dungeon_wall_torch":6,"minecraft:torch":8,"minecraft:blast_furnace":3,"minecraft:poppy":1,"minecraft:chest":4,"minecraft:nether_brick_slab":1,"minecraft:glass":1,"minecraft:cobblestone":73,"minecraft:oak_planks":12,"minecraft:grindstone":2,"minecraft:sugar_cane":101,"minecraft:wall_torch":5,"vs_eureka:balloon":43,"minecraft:white_terracotta":1,"minecraft:seagrass":3,"dungeonnowloading:gold_ingot_pile":1,"minecraft:birch_log":2,"minecraft:lilac":1,"minecraft:stone_brick_stairs":1,"minecraft:grass":135,"dungeonnowloading:explosive_barrel":20,"minecraft:oak_log":115,"minecraft:beetroots":5,"minecraft:oak_fence_gate":6,"dungeonnowloading:wooden_wall_platform":2,"create:hand_crank":2,"minecraft:sand":18,"minecraft:dirt":68,"minecraft:deepslate":1,"minecraft:netherrack":16,"minecraft:emerald_block":1,"minecraft:oak_leaves":132,"biomesoplenty:reed":12,"create:zinc_ore":17,"minecraft:diamond_ore":14,"minecraft:tuff":5,"minecraft:red_carpet":1,"create:millstone":3,"minecraft:mossy_cobblestone":6,"minecraft:candle":28,"minecraft:nether_brick_wall":1,"minecraft:nether_bricks":5,"gravestone:gravestone":24,"minecraft:dark_oak_fence":9,"biomesoplenty:bush":160,"minecraft:allium":10,"create:large_cogwheel":4,"minecraft:decorated_pot":13,"dungeonnowloading:book_pile":4,"create_new_age:thorium_ore":29,"minecraft:spruce_leaves":3,"minecraft:hay_block":34,"minecraft:black_stained_glass_pane":2,"biomesoplenty:jacaranda_log":20,"minecraft:redstone_ore":25,"create:shaft":1,"minecraft:furnace":3,"minecraft:carrots":87,"minecraft:andesite":16,"create_new_age:carbon_brushes":1,"minecraft:gray_wall_banner":3,"minecraft:stripped_spruce_log":5,"minecraft:peony":1,"biomesoplenty:magic_log":1,"minecraft:nether_brick_fence":4,"minecraft:bookshelf":31,"minecraft:potatoes":7,"biomesoplenty:high_grass":9,"biomesoplenty:brimstone_bud":1,"minecraft:stripped_oak_log":12,"irons_spellbooks:inscription_table":4,"minecraft:stone":192,"minecraft:glass_pane":1,"dungeonnowloading:mossy_cobblestone_pebbles":2,"minecraft:basalt":11,"create_new_age:magnetite_block":19,"minecraft:oak_fence":12,"minecraft:crafting_table":7,"minecraft:emerald_ore":2,"minecraft:campfire":2,"minecraft:lectern":3,"minecraft:copper_ore":23,"biomesoplenty:high_grass_plant":24,"minecraft:tall_grass":6,"minecraft:lapis_ore":9,"minecraft:diorite":60,"minecraft:cobblestone_wall":2,"minecraft:stripped_spruce_wood":3,"biomesoplenty:blue_hydrangea":1,"minecraft:sweet_berry_bush":19,"minecraft:spruce_log":18,"minecraft:white_wall_banner":1,"minecraft:yellow_bed":2,"create:mechanical_drill":4,"minecraft:coal_ore":73,"create_new_age:generator_coil":2,"minecraft:gravel":5,"minecraft:cracked_stone_bricks":2,"minecraft:polished_andesite":1,"minecraft:stone_bricks":12,"create:andesite_funnel":3,"minecraft:mossy_stone_bricks":5,"minecraft:gold_ore":8,"minecraft:chipped_anvil":5,"vs_eureka:engine":1},"minecraft:killed_by":{"minecraft:ghast":1,"minecraft:wither_skeleton":1,"irons_spellbooks:pyromancer":2,"minecraft:creeper":1,"alexsmobs:straddler":1,"minecraft:magma_cube":1,"minecraft:vindicator":1,"alexsmobs:tasmanian_devil":1,"minecraft:zombie":1,"minecraft:vex":1,"minecraft:iron_golem":2,"minecraft:skeleton":1,"irons_spellbooks:archevoker":4},"minecraft:custom":{"minecraft:animals_bred":6,"minecraft:interact_with_crafting_table":108,"minecraft:open_barrel":153,"minecraft:bell_ring":6,"minecraft:leave_game":23,"minecraft:time_since_death":56326,"minecraft:sprint_one_cm":1685312,"minecraft:damage_blocked_by_shield":3326,"minecraft:drop":188,"minecraft:talked_to_villager":57,"minecraft:play_time":759097,"minecraft:deaths":27,"minecraft:jump":9191,"minecraft:interact_with_brewingstand":5,"minecraft:walk_on_water_one_cm":197513,"minecraft:interact_with_furnace":72,"minecraft:play_record":1,"minecraft:traded_with_villager":71,"minecraft:sleep_in_bed":40,"minecraft:waystone_activated":2,"minecraft:damage_dealt":30181,"minecraft:crouch_one_cm":32272,"minecraft:inspect_dispenser":5,"minecraft:horse_one_cm":36168,"minecraft:interact_with_anvil":1,"minecraft:mob_kills":188,"minecraft:inspect_hopper":18,"minecraft:climb_one_cm":17734,"minecraft:walk_one_cm":2039308,"minecraft:sneak_time":14753,"minecraft:walk_under_water_one_cm":111128,"minecraft:interact_with_lectern":2,"minecraft:interact_with_blast_furnace":7,"minecraft:total_world_time":759097,"minecraft:time_since_rest":19540,"minecraft:damage_taken":11746,"minecraft:swim_one_cm":151869,"minecraft:fly_one_cm":2999216,"minecraft:open_chest":321,"minecraft:fall_one_cm":234309},"minecraft:dropped":{"minecraft:lapis_lazuli":4,"minecraft:oak_log":9,"minecraft:crafting_table":1,"dungeonnowloading:cobblestone_pebble":9,"create:cogwheel":6,"minecraft:dirt":6,"minecraft:chain":4,"gravestone:obituary":24,"minecraft:iron_pickaxe":3,"irons_spellbooks:wandering_magician_boots":1,"dungeonnowloading:wooden_wall_platform":1,"minecraft:armor_stand":4,"minecraft:gold_ingot":3,"minecraft:bone":1,"minecraft:gravel":90,"minecraft:sugar_cane":1,"minecraft:cobbled_deepslate":1,"dungeonnowloading:wooden_wall_rack":6,"minecraft:wheat":28,"minecraft:beetroot":2,"minecraft:rotten_flesh":10,"dungeonnowloading:mossy_cobblestone_pebble":1,"minecraft:oak_planks":5,"dungeonnowloading:spikes":2,"minecraft:chainmail_chestplate":1,"minecraft:poppy":2,"minecraft:chainmail_boots":1,"minecraft:chest":2,"minecraft:iron_bars":4,"minecraft:netherrack":4,"minecraft:lectern":1,"minecraft:stone_hoe":1,"minecraft:iron_ingot":19,"minecraft:bread":11,"minecraft:wheat_seeds":13,"minecraft:lilac":2,"minecraft:mossy_cobblestone":3,"minecraft:iron_helmet":1,"minecraft:cobblestone":831,"biomesoplenty:jacaranda_planks":5,"minecraft:chainmail_helmet":1,"alexsmobs:raw_catfish":1,"minecraft:stick":6,"irons_spellbooks:scroll":1,"minecraft:diorite":1,"minecraft:torch":1,"biomesoplenty:brimstone":3,"minecraft:crimson_sign":1,"minecraft:potion":1,"minecraft:white_banner":1,"minecraft:iron_axe":5,"minecraft:chipped_anvil":1,"minecraft:chainmail_leggings":1,"minecraft:string":1,"minecraft:tuff":1,"minecraft:iron_boots":1,"dungeonnowloading:spawner_fragment":64,"minecraft:shield":1,"minecraft:allium":7,"minecraft:spruce_trapdoor":1,"minecraft:spruce_planks":6,"minecraft:iron_chestplate":1,"minecraft:andesite":2,"minecraft:mossy_stone_bricks":1,"minecraft:oak_sapling":4,"minecraft:spider_eye":1,"minecraft:barrel":1,"irons_spellbooks:iron_spell_book":1,"minecraft:stone_pickaxe":1,"minecraft:raw_gold":4,"minecraft:brick":62},"minecraft:used":{"minecraft:beetroot":1,"minecraft:writable_book":1,"minecraft:iron_shovel":79,"minecraft:oak_sign":2,"minecraft:shield":61,"alexsmobs:small_catfish_bucket":3,"minecraft:chest":8,"minecraft:spruce_slab":13,"minecraft:ladder":8,"minecraft:white_terracotta":1,"minecraft:decorated_pot":2,"minecraft:stone":26,"minecraft:iron_sword":50,"minecraft:iron_chestplate":1,"minecraft:mutton":5,"create:cogwheel":7,"minecraft:carrot":256,"minecraft:music_disc_13":1,"minecraft:obsidian":8,"minecraft:glass":1,"minecraft:lava_bucket":23,"minecraft:coal_ore":6,"create_new_age:magnetite_block":10,"create:millstone":9,"create:andesite_funnel":9,"biomesoplenty:jacaranda_sapling":4,"minecraft:red_carpet":1,"minecraft:bow":111,"minecraft:written_book":1,"create:shaft":1,"minecraft:oak_sapling":11,"minecraft:furnace":6,"create:mechanical_drill":4,"minecraft:beetroot_seeds":14,"minecraft:gray_banner":1,"minecraft:potato":21,"biomesoplenty:jacaranda_fence":6,"minecraft:diorite":2,"minecraft:oak_planks":41,"minecraft:stone_pickaxe":216,"minecraft:wooden_pickaxe":22,"minecraft:composter":1,"minecraft:sugar_cane":67,"minecraft:glow_berries":1,"dungeonnowloading:spawner_sword":40,"minecraft:blast_furnace":1,"minecraft:crossbow":3,"minecraft:shears":10,"biomesoplenty:jacaranda_planks":94,"minecraft:bread":36,"minecraft:lectern":1,"minecraft:gravel":4,"vs_eureka:engine":3,"minecraft:grindstone":1,"minecraft:dark_oak_fence":7,"create:large_cogwheel":10,"create:vertical_gearbox":1,"dungeonnowloading:cobblestone_pebble":45,"minecraft:experience_bottle":5,"minecraft:oak_fence":34,"minecraft:armor_stand":3,"minecraft:flint_and_steel":1,"minecraft:stone_shovel":32,"dungeonnowloading:spikes":1,"minecraft:spruce_planks":26,"create_new_age:generator_coil":2,"minecraft:stone_hoe":109,"minecraft:torch":128,"minecraft:dirt":163,"minecraft:hopper":6,"minecraft:cobblestone_wall":1,"minecraft:oak_fence_gate":5,"minecraft:wooden_axe":20,"minecraft:chipped_anvil":4,"create:wrench":6,"minecraft:iron_axe":679,"minecraft:golden_carrot":2,"minecraft:basalt":2,"minecraft:beef":10,"minecraft:goat_horn":2,"biomesoplenty:blue_hydrangea":1,"minecraft:cooked_beef":16,"dungeonnowloading:spawner_chestplate":1,"minecraft:cobbled_deepslate":1,"minecraft:wheat_seeds":8,"minecraft:cooked_mutton":1,"minecraft:water_bucket":23,"minecraft:fletching_table":20,"minecraft:crafting_table":12,"minecraft:oak_slab":60,"minecraft:white_bed":6,"minecraft:oak_log":6,"minecraft:apple":3,"create:mechanical_press":2,"minecraft:iron_pickaxe":674,"create:large_water_wheel":2,"vs_eureka:spruce_ship_helm":1,"minecraft:stone_axe":149,"vs_eureka:balloon":80,"minecraft:cobblestone":442,"minecraft:white_banner":2,"minecraft:bucket":49,"minecraft:glass_pane":19,"minecraft:yellow_bed":2,"minecraft:kelp":57,"create:hand_crank":2,"create_new_age:carbon_brushes":1,"minecraft:stripped_oak_log":1,"minecraft:splash_potion":5,"irons_spellbooks:inscription_table":5}},"DataVersion":3465}